{
  "norm_stats": {
    "state": {
      "mean": [
        -0.00005846144354851098,
        0.00004309547299772801,
        1.87934179853968e-6,
        0.9309465947766095,
        -1.2725443969951074,
        -0.49766999210309626,
        1.942999814430757e-6,
        -0.4158380201614152,
        0.04024515114955109,
        -0.07453817193179028,
        -0.594127535939615,
        0.31868265162070325,
        0.11388705850720614,
        -0.05640597927522259,
        -0.4669532543297629,
        -0.05248480201419137,
        0.05701159751817017,
        -0.6318098552799045,
        -0.19042700845828708,
        0.13961942843285158,
        0.04829387427794492,
        0.08463827622965639,
        0.07941574332132866,
        0.0,
        0.0,
        0.0,
        0.0,
        0.0,
        0.0,
        0.0,
        0.0,
        0.0
      ],
      "std": [
        0.0073260674368166145,
        0.006824090883079344,
        0.010712973796184456,
        0.442045850335985,
        0.7984148593179322,
        0.44361891874599685,
        0.00013675557574358197,
        0.43882239648902227,
        0.15635028019966846,
        0.4415431635427401,
        0.5225676751868289,
        0.5451061475740472,
        0.5257572044197384,
        0.4812971265544686,
        0.4183356509452899,
        0.16286194001261475,
        0.3981727014724286,
        0.5389020848022247,
        0.5424428796172592,
        0.5290570416795007,
        0.468644092644503,
        0.029892546801102766,
        0.03394196803560625,
        0.0,
        0.0,
        0.0,
        0.0,
        0.0,
        0.0,
        0.0,
        0.0,
        0.0
      ],
      "q01": [
        -0.23693275068700315,
        -0.2203868911638856,
        -0.282214498847723,
        0.44817109262943267,
        -2.56078554391861,
        -1.832590900182724,
        -0.000603372776764445,
        -2.2558812255859375,
        -0.17450004816055298,
        -2.298614817261696,
        -1.6374141297340392,
        -1.70578418469429,
        -1.0471981763839722,
        -1.5708000659942627,
        -2.2236741222143173,
        -1.1826500248908998,
        -1.8255017410516738,
        -1.6310564013123512,
        -2.3159839910268785,
        -1.0471978187561035,
        -1.5707999467849731,
        5.3140223088207984e-11,
        4.113015408258036e-9,
        0.0,
        0.0,
        0.0,
        0.0,
        0.0,
        0.0,
        0.0,
        0.0,
        0.0
      ],
      "q99": [
        0.22272354944050343,
        0.22707138995826218,
        0.2740946335345507,
        1.7174573242664337,
        -0.39724056361615656,
        0.2502449731826779,
        0.0005501750274852384,
        0.4865392913520338,
        1.057918763875961,
        1.8702061723470693,
        0.09817898899316788,
        2.3561959266662598,
        1.0471981763839722,
        1.5656513550281526,
        0.3981790454536678,
        0.17450004816055298,
        2.1624921292066577,
        0.08283200771734119,
        2.187388210654259,
        1.0471981763839722,
        1.5707989931106567,
        0.10000000149011612,
        0.10000000149011612,
        0.0,
        0.0,
        0.0,
        0.0,
        0.0,
        0.0,
        0.0,
        0.0,
        0.0
      ]
    },
    "actions": {
      "mean": [
        0.04893109266375809,
        0.0006245477533399661,
        -0.0011740326839283477,
        0.9310451754144458,
        -1.2729174177854237,
        -0.49817541274017557,
        0.0,
        -0.4161416368262307,
        0.04028842801120399,
        -0.07512601234020208,
        -0.5943173639491,
        0.32049573491580646,
        0.11449833148934463,
        -0.055707589426407134,
        0.37810974451379986,
        -0.46734652490351297,
        -0.05252230497908911,
        0.057440953368954065,
        -0.6319079902279605,
        -0.19209668236034977,
        0.1400963262097964,
        0.04803503401809413,
        0.26497314649715065,
        0.0,
        0.0,
        0.0,
        0.0,
        0.0,
        0.0,
        0.0,
        0.0,
        0.0
      ],
      "std": [
        0.13478765489848302,
        0.07874567256492745,
        0.12131280149054482,
        0.4419347796935527,
        0.798239592324256,
        0.44357783906871456,
        0.0,
        0.4389106302489066,
        0.15646820569544165,
        0.44319416228404,
        0.5226811432028959,
        0.5466780423732988,
        0.5272938230878158,
        0.4831235608098808,
        0.9257610744303914,
        0.4183771095337573,
        0.16297654493115837,
        0.39953061767050524,
        0.5392108370671137,
        0.5444271798241045,
        0.5305801543217454,
        0.47021922602431293,
        0.9642559210645204,
        0.0,
        0.0,
        0.0,
        0.0,
        0.0,
        0.0,
        0.0,
        0.0,
        0.0
      ],
      "q01": [
        -0.34999446114897725,
        -0.34999996423721313,
        -0.2999999523162842,
        0.44999998807907104,
        -2.5608972549438476,
        -1.8325998783111572,
        0.0,
        -2.2566190130710604,
        -0.1745000034570694,
        -2.3041425182819366,
        -1.6380093373060227,
        -1.714489839732647,
        -1.0471980571746826,
        -1.5707999467849731,
        -1.0,
        -2.224471002697945,
        -1.1824695777893066,
        -1.8292457363605499,
        -1.6290890508890152,
        -2.3186697664260865,
        -1.0471980571746826,
        -1.5707999467849731,
        -1.0,
        0.0,
        0.0,
        0.0,
        0.0,
        0.0,
        0.0,
        0.0,
        0.0,
        0.0
      ],
      "q99": [
        0.6491305756568931,
        0.34999996423721313,
        0.2999999523162842,
        1.7174445390701294,
        -0.4000000059604645,
        0.24981330260634432,
        0.0,
        0.4862977035939694,
        1.0588124077320096,
        1.8737776160240187,
        0.09817477315664291,
        2.3561956882476807,
        1.0471980571746826,
        1.5692623853683472,
        1.0,
        0.39837483105063465,
        0.1745000034570694,
        2.1637151706218734,
        0.08434060472249988,
        2.187532807230951,
        1.0471980571746826,
        1.5707999467849731,
        1.0,
        0.0,
        0.0,
        0.0,
        0.0,
        0.0,
        0.0,
        0.0,
        0.0,
        0.0
      ]
    }
  }
}